ano,sigla_uf,sexo,total_trabalhadores,salario_medio
1985,AC,Feminino,15449,0.0
1985,AC,Masculino,19104,0.0
1985,AL,Feminino,78152,0.0
1985,AL,Masculino,133729,0.0
1985,AM,Feminino,78495,0.0
1985,AM,Masculino,120160,0.0
1985,AP,Feminino,7341,0.0
1985,AP,Masculino,14744,0.0
1985,BA,Feminino,293749,0.0
1985,BA,Masculino,538024,0.0
1985,CE,Feminino,211620,0.0
1985,CE,Masculino,264406,0.0
1985,DF,Feminino,139109,0.0
1985,DF,Masculino,332023,0.0
1985,ES,Feminino,98704,0.0
1985,ES,Masculino,215564,0.0
1985,GO,Feminino,137642,0.0
1985,GO,Masculino,246075,0.0
1985,MG,Feminino,530802,0.0
1985,MG,Masculino,1304963,0.0
1985,MS,Feminino,53842,0.0
1985,MS,Masculino,121128,0.0
1985,MT,Feminino,42007,0.0
1985,MT,Masculino,99595,0.0
1985,PA,Feminino,107125,0.0
1985,PA,Masculino,228391,0.0
1985,PB,Feminino,99564,0.0
1985,PB,Masculino,133386,0.0
1985,PE,Feminino,224404,0.0
1985,PE,Masculino,487039,0.0
1985,PI,Feminino,56094,0.0
1985,PI,Masculino,74772,0.0
1985,PR,Feminino,341666,0.0
1985,PR,Masculino,759385,0.0
1985,RJ,Feminino,838823,0.0
1985,RJ,Masculino,1834996,0.0
1985,RN,Feminino,80600,0.0
1985,RN,Masculino,118687,0.0
1985,RO,Feminino,27840,0.0
1985,RO,Masculino,53903,0.0
1985,RR,Feminino,6036,0.0
1985,RR,Masculino,8694,0.0
1985,RS,Feminino,602882,0.0
1985,RS,Masculino,1007420,0.0
1985,SC,Feminino,245545,0.0
1985,SC,Masculino,497898,0.0
1985,SE,Feminino,52095,0.0
1985,SE,Masculino,88040,0.0
1985,SP,Feminino,2102404,0.0
1985,SP,Masculino,4651786,0.0
1986,AC,Feminino,18799,0.0
1986,AC,Masculino,21807,0.0
1986,AL,Feminino,84341,0.0
1986,AL,Masculino,147713,0.0
1986,AM,Feminino,99368,0.0
1986,AM,Masculino,137618,0.0
1986,AP,Feminino,8466,0.0
1986,AP,Masculino,15147,0.0
1986,BA,Feminino,317851,0.0
1986,BA,Masculino,578115,0.0
1986,CE,Feminino,235027,0.0
1986,CE,Masculino,293954,0.0
1986,DF,Feminino,149831,0.0
1986,DF,Masculino,351148,0.0
1986,ES,Feminino,112239,0.0
1986,ES,Masculino,230511,0.0
1986,GO,Feminino,161364,0.0
1986,GO,Masculino,261873,0.0
1986,MA,Feminino,83474,0.0
1986,MA,Masculino,128472,0.0
1986,MG,Feminino,616670,0.0
1986,MG,Masculino,1423064,0.0
1986,MS,Feminino,60580,0.0
1986,MS,Masculino,130960,0.0
1986,MT,Feminino,44694,0.0
1986,MT,Masculino,103987,0.0
1986,PB,Feminino,116158,0.0
1986,PB,Masculino,150574,0.0
1986,PE,Feminino,248491,0.0
1986,PE,Masculino,530086,0.0
1986,PI,Feminino,69343,0.0
1986,PI,Masculino,91826,0.0
1986,PR,Feminino,384223,0.0
1986,PR,Masculino,829132,0.0
1986,RJ,Feminino,906538,0.0
1986,RJ,Masculino,1944435,0.0
1986,RN,Feminino,85214,0.0
1986,RN,Masculino,126601,0.0
1986,RO,Feminino,9972,0.0
1986,RO,Masculino,37327,0.0
1986,RR,Feminino,6493,0.0
1986,RR,Masculino,9754,0.0
1986,RS,Feminino,656784,0.0
1986,RS,Masculino,1074602,0.0
1986,SC,Feminino,282875,0.0
1986,SC,Masculino,544027,0.0
1986,SE,Feminino,45799,0.0
1986,SE,Masculino,88976,0.0
1986,SP,Feminino,2317792,0.0
1986,SP,Masculino,4991416,0.0
1987,AC,Feminino,19163,0.0
1987,AC,Masculino,23011,0.0
1987,AL,Feminino,97116,0.0
1987,AL,Masculino,163634,0.0
1987,AM,Feminino,95286,0.0
1987,AM,Masculino,139553,0.0
1987,AP,Feminino,7736,0.0
1987,AP,Masculino,17017,0.0
1987,BA,Feminino,328166,0.0
1987,BA,Masculino,588142,0.0
1987,CE,Feminino,248067,0.0
1987,CE,Masculino,298543,0.0
1987,DF,Feminino,157603,0.0
1987,DF,Masculino,360935,0.0
1987,ES,Feminino,117465,0.0
1987,ES,Masculino,237657,0.0
1987,GO,Feminino,169007,0.0
1987,GO,Masculino,274687,0.0
1987,MA,Feminino,89495,0.0
1987,MA,Masculino,135089,0.0
1987,MG,Feminino,647071,0.0
1987,MG,Masculino,1451718,0.0
1987,MS,Feminino,61932,0.0
1987,MS,Masculino,132179,0.0
1987,MT,Feminino,49839,0.0
1987,MT,Masculino,117009,0.0
1987,PA,Feminino,127753,0.0
1987,PA,Masculino,255508,0.0
1987,PB,Feminino,118370,0.0
1987,PB,Masculino,154714,0.0
1987,PE,Feminino,261908,0.0
1987,PE,Masculino,586865,0.0
1987,PI,Feminino,71786,0.0
1987,PI,Masculino,95609,0.0
1987,PR,Feminino,406058,0.0
1987,PR,Masculino,859291,0.0
1987,RJ,Feminino,942014,0.0
1987,RJ,Masculino,1956353,0.0
1987,RN,Feminino,103815,0.0
1987,RN,Masculino,145283,0.0
1987,RO,Feminino,35736,0.0
1987,RO,Masculino,61190,0.0
1987,RR,Feminino,6465,0.0
1987,RR,Masculino,9857,0.0
1987,RS,Feminino,667253,0.0
1987,RS,Masculino,1093861,0.0
1987,SC,Feminino,291298,0.0
1987,SC,Masculino,564790,0.0
1987,SE,Feminino,57507,0.0
1987,SE,Masculino,102593,0.0
1987,SP,Feminino,2398634,0.0
1987,SP,Masculino,5101728,0.0
1988,AC,Feminino,20282,0.0
1988,AC,Masculino,24427,0.0
1988,AL,Feminino,102248,0.0
1988,AL,Masculino,168601,0.0
1988,AM,Feminino,101210,0.0
1988,AM,Masculino,148006,0.0
1988,AP,Feminino,10428,0.0
1988,AP,Masculino,17780,0.0
1988,BA,Feminino,336512,0.0
1988,BA,Masculino,577718,0.0
1988,CE,Feminino,261014,0.0
1988,CE,Masculino,304165,0.0
1988,DF,Feminino,162998,0.0
1988,DF,Masculino,385603,0.0
1988,ES,Feminino,123172,0.0
1988,ES,Masculino,251522,0.0
1988,GO,Feminino,185948,0.0
1988,GO,Masculino,305316,0.0
1988,MA,Feminino,96560,0.0
1988,MA,Masculino,141463,0.0
1988,MG,Feminino,689463,0.0
1988,MG,Masculino,1553080,0.0
1988,MS,Feminino,67551,0.0
1988,MS,Masculino,146582,0.0
1988,MT,Feminino,53331,0.0
1988,MT,Masculino,124550,0.0
1988,PA,Feminino,132424,0.0
1988,PA,Masculino,259943,0.0
1988,PB,Feminino,131796,0.0
1988,PB,Masculino,155705,0.0
1988,PE,Feminino,266882,0.0
1988,PE,Masculino,579134,0.0
1988,PI,Feminino,76600,0.0
1988,PI,Masculino,97552,0.0
1988,PR,Feminino,430450,0.0
1988,PR,Masculino,906355,0.0
1988,RJ,Feminino,991851,0.0
1988,RJ,Masculino,2038902,0.0
1988,RN,Feminino,108789,0.0
1988,RN,Masculino,148488,0.0
1988,RO,Feminino,40828,0.0
1988,RO,Masculino,69104,0.0
1988,RR,Feminino,6714,0.0
1988,RR,Masculino,8878,0.0
1988,RS,Feminino,694051,0.0
1988,RS,Masculino,1140097,0.0
1988,SC,Feminino,289158,0.0
1988,SC,Masculino,569523,0.0
1988,SE,Feminino,73883,0.0
1988,SE,Masculino,109777,0.0
1988,SP,Feminino,2542627,0.0
1988,SP,Masculino,5352922,0.0
1989,AC,Feminino,21005,0.0
1989,AC,Masculino,23061,0.0
1989,AL,Feminino,100154,0.0
1989,AL,Masculino,160175,0.0
1989,AM,Feminino,115773,0.0
1989,AM,Masculino,155362,0.0
1989,AP,Feminino,11624,0.0
1989,AP,Masculino,19586,0.0
1989,BA,Feminino,344290,0.0
1989,BA,Masculino,587280,0.0
1989,CE,Feminino,258558,0.0
1989,CE,Masculino,299724,0.0
1989,DF,Feminino,169416,0.0
1989,DF,Masculino,399099,0.0
1989,ES,Feminino,130297,0.0
1989,ES,Masculino,259642,0.0
1989,GO,Feminino,172043,0.0
1989,GO,Masculino,274496,0.0
1989,MA,Feminino,100504,0.0
1989,MA,Masculino,143570,0.0
1989,MG,Feminino,734448,0.0
1989,MG,Masculino,1589686,0.0
1989,MS,Feminino,73668,0.0
1989,MS,Masculino,147493,0.0
1989,MT,Feminino,48632,0.0
1989,MT,Masculino,115264,0.0
1989,PA,Feminino,130818,0.0
1989,PA,Masculino,254482,0.0
1989,PB,Feminino,137758,0.0
1989,PB,Masculino,161851,0.0
1989,PE,Feminino,274190,0.0
1989,PE,Masculino,579119,0.0
1989,PI,Feminino,79717,0.0
1989,PI,Masculino,97849,0.0
1989,PR,Feminino,453333,0.0
1989,PR,Masculino,916891,0.0
1989,RJ,Feminino,1011749,0.0
1989,RJ,Masculino,2016895,0.0
1989,RN,Feminino,77742,0.0
1989,RN,Masculino,134604,0.0
1989,RO,Feminino,47162,0.0
1989,RO,Masculino,77321,0.0
1989,RR,Feminino,8111,0.0
1989,RR,Masculino,11215,0.0
1989,RS,Feminino,716864,0.0
1989,RS,Masculino,1143402,0.0
1989,SC,Feminino,312227,0.0
1989,SC,Masculino,598497,0.0
1989,SE,Feminino,75046,0.0
1989,SE,Masculino,106909,0.0
1989,SP,Feminino,2693179,0.0
1989,SP,Masculino,5538304,0.0
1989,TO,Feminino,14560,0.0
1989,TO,Masculino,13797,0.0
1990,AC,Feminino,22322,0.0
1990,AC,Masculino,23914,0.0
1990,AL,Feminino,100093,0.0
1990,AL,Masculino,159027,0.0
1990,AM,Feminino,109233,0.0
1990,AM,Masculino,141472,0.0
1990,AP,Feminino,14442,0.0
1990,AP,Masculino,20774,0.0
1990,BA,Feminino,341604,0.0
1990,BA,Masculino,574276,0.0
1990,CE,Feminino,244693,0.0
1990,CE,Masculino,285728,0.0
1990,DF,Feminino,168398,0.0
1990,DF,Masculino,372953,0.0
1990,ES,Feminino,129335,0.0
1990,ES,Masculino,245286,0.0
1990,GO,Feminino,167201,0.0
1990,GO,Masculino,266856,0.0
1990,MA,Feminino,100480,0.0
1990,MA,Masculino,129318,0.0
1990,MG,Feminino,726304,0.0
1990,MG,Masculino,1467655,0.0
1990,MS,Feminino,72847,0.0
1990,MS,Masculino,135433,0.0
1990,MT,Feminino,69340,0.0
1990,MT,Masculino,127161,0.0
1990,PA,Feminino,128182,0.0
1990,PA,Masculino,236202,0.0
1990,PB,Feminino,131699,0.0
1990,PB,Masculino,157555,0.0
1990,PE,Feminino,271146,0.0
1990,PE,Masculino,545338,0.0
1990,PI,Feminino,80771,0.0
1990,PI,Masculino,92615,0.0
1990,PR,Feminino,443888,0.0
1990,PR,Masculino,845534,0.0
1990,RJ,Feminino,969571,0.0
1990,RJ,Masculino,1868981,0.0
1990,RN,Feminino,113462,0.0
1990,RN,Masculino,144731,0.0
1990,RO,Feminino,41078,0.0
1990,RO,Masculino,57351,0.0
1990,RR,Feminino,2528,0.0
1990,RR,Masculino,6991,0.0
1990,RS,Feminino,683819,0.0
1990,RS,Masculino,1062692,0.0
1990,SC,Feminino,301886,0.0
1990,SC,Masculino,559624,0.0
1990,SE,Feminino,75440,0.0
1990,SE,Masculino,107092,0.0
1990,SP,Feminino,2592377,0.0
1990,SP,Masculino,5039829,0.0
1990,TO,Feminino,14064,0.0
1990,TO,Masculino,14055,0.0
1991,AC,Feminino,21384,0.0
1991,AC,Masculino,24178,0.0
1991,AL,Feminino,100887,0.0
1991,AL,Masculino,153589,0.0
1991,AM,Feminino,100055,0.0
1991,AM,Masculino,133726,0.0
1991,AP,Feminino,12835,0.0
1991,AP,Masculino,20475,0.0
1991,BA,Feminino,343701,0.0
1991,BA,Masculino,553698,0.0
1991,CE,Feminino,249818,0.0
1991,CE,Masculino,299761,0.0
1991,DF,Feminino,178167,0.0
1991,DF,Masculino,393144,0.0
1991,ES,Feminino,134275,0.0
1991,ES,Masculino,243805,0.0
1991,GO,Feminino,168658,0.0
1991,GO,Masculino,266270,0.0
1991,MA,Feminino,105031,0.0
1991,MA,Masculino,131415,0.0
1991,MG,Feminino,724421,0.0
1991,MG,Masculino,1444410,0.0
1991,MS,Feminino,77379,0.0
1991,MS,Masculino,139837,0.0
1991,MT,Feminino,66572,0.0
1991,MT,Masculino,118507,0.0
1991,PA,Feminino,129150,0.0
1991,PA,Masculino,225129,0.0
1991,PB,Feminino,138776,0.0
1991,PB,Masculino,156643,0.0
1991,PE,Feminino,280258,0.0
1991,PE,Masculino,538189,0.0
1991,PI,Feminino,81092,0.0
1991,PI,Masculino,95841,0.0
1991,PR,Feminino,402119,0.0
1991,PR,Masculino,790386,0.0
1991,RJ,Feminino,952840,0.0
1991,RJ,Masculino,1832209,0.0
1991,RN,Feminino,119418,0.0
1991,RN,Masculino,146124,0.0
1991,RO,Feminino,44412,0.0
1991,RO,Masculino,60500,0.0
1991,RR,Feminino,8668,0.0
1991,RR,Masculino,11279,0.0
1991,RS,Feminino,653241,0.0
1991,RS,Masculino,1014644,0.0
1991,SC,Feminino,294292,0.0
1991,SC,Masculino,542460,0.0
1991,SE,Feminino,55918,0.0
1991,SE,Masculino,93163,0.0
1991,SP,Feminino,2609493,0.0
1991,SP,Masculino,5016686,0.0
1991,TO,Feminino,13799,0.0
1991,TO,Masculino,14530,0.0
1992,AC,Feminino,21367,0.0
1992,AC,Masculino,21558,0.0
1992,AL,Feminino,104949,0.0
1992,AL,Masculino,148279,0.0
1992,AM,Feminino,91139,0.0
1992,AM,Masculino,118841,0.0
1992,AP,Feminino,5185,0.0
1992,AP,Masculino,11315,0.0
1992,BA,Feminino,310129,0.0
1992,BA,Masculino,497885,0.0
1992,CE,Feminino,246358,0.0
1992,CE,Masculino,284767,0.0
1992,DF,Feminino,176375,0.0
1992,DF,Masculino,392199,0.0
1992,ES,Feminino,130362,0.0
1992,ES,Masculino,236418,0.0
1992,GO,Feminino,168419,0.0
1992,GO,Masculino,268233,0.0
1992,MA,Feminino,97670,0.0
1992,MA,Masculino,124377,0.0
1992,MG,Feminino,706689,0.0
1992,MG,Masculino,1368510,0.0
1992,MS,Feminino,77900,0.0
1992,MS,Masculino,144967,0.0
1992,MT,Feminino,43114,0.0
1992,MT,Masculino,105238,0.0
1992,PA,Feminino,129384,0.0
1992,PA,Masculino,221053,0.0
1992,PB,Feminino,131467,0.0
1992,PB,Masculino,149162,0.0
1992,PE,Feminino,271133,0.0
1992,PE,Masculino,502985,0.0
1992,PI,Feminino,76816,0.0
1992,PI,Masculino,89266,0.0
1992,PR,Feminino,464592,0.0
1992,PR,Masculino,826925,0.0
1992,RJ,Feminino,878769,0.0
1992,RJ,Masculino,1740295,0.0
1992,RN,Feminino,117594,0.0
1992,RN,Masculino,139804,0.0
1992,RO,Feminino,41450,0.0
1992,RO,Masculino,56365,0.0
1992,RR,Feminino,7671,0.0
1992,RR,Masculino,10650,0.0
1992,RS,Feminino,663490,0.0
1992,RS,Masculino,1027342,0.0
1992,SC,Feminino,290723,0.0
1992,SC,Masculino,530687,0.0
1992,SE,Feminino,70453,0.0
1992,SE,Masculino,99043,0.0
1992,SP,Feminino,2589252,0.0
1992,SP,Masculino,4870843,0.0
1993,AC,Feminino,24675,0.0
1993,AC,Masculino,25241,0.0
1993,AL,Feminino,107866,0.0
1993,AL,Masculino,144147,0.0
1993,AM,Feminino,99137,0.0
1993,AM,Masculino,126465,0.0
1993,AP,Feminino,13899,0.0
1993,AP,Masculino,21289,0.0
1993,BA,Feminino,351589,0.0
1993,BA,Masculino,547049,0.0
1993,CE,Feminino,251994,0.0
1993,CE,Masculino,303027,0.0
1993,DF,Feminino,186769,0.0
1993,DF,Masculino,410526,0.0
1993,ES,Feminino,141292,0.0
1993,ES,Masculino,245200,0.0
1993,GO,Feminino,181108,0.0
1993,GO,Masculino,278698,0.0
1993,MA,Feminino,102183,0.0
1993,MA,Masculino,126815,0.0
1993,MG,Feminino,733058,0.0
1993,MG,Masculino,1439802,0.0
1993,MS,Feminino,82936,0.0
1993,MS,Masculino,159099,0.0
1993,MT,Feminino,68331,0.0
1993,MT,Masculino,129443,0.0
1993,PA,Feminino,149728,0.0
1993,PA,Masculino,239191,0.0
1993,PB,Feminino,127944,0.0
1993,PB,Masculino,142855,0.0
1993,PE,Feminino,280939,0.0
1993,PE,Masculino,490174,0.0
1993,PI,Feminino,80903,0.0
1993,PI,Masculino,95081,0.0
1993,PR,Feminino,487899,0.0
1993,PR,Masculino,871093,0.0
1993,RJ,Feminino,942272,0.0
1993,RJ,Masculino,1758761,0.0
1993,RN,Feminino,122275,0.0
1993,RN,Masculino,140356,0.0
1993,RO,Feminino,45502,0.0
1993,RO,Masculino,62472,0.0
1993,RR,Feminino,8950,0.0
1993,RR,Masculino,12228,0.0
1993,RS,Feminino,701639,0.0
1993,RS,Masculino,1070236,0.0
1993,SC,Feminino,308541,0.0
1993,SC,Masculino,556657,0.0
1993,SE,Feminino,73248,0.0
1993,SE,Masculino,102778,0.0
1993,SP,Feminino,2667476,0.0
1993,SP,Masculino,4950188,0.0
1993,TO,Feminino,25756,0.0
1993,TO,Masculino,34613,0.0
1994,AC,Feminino,37404,0.0
1994,AC,Masculino,29632,0.0
1994,AL,Feminino,109145,0.0
1994,AL,Masculino,156653,0.0
1994,AM,Feminino,99620,0.0
1994,AM,Masculino,130379,0.0
1994,AP,Feminino,12297,0.0
1994,AP,Masculino,18224,0.0
1994,BA,Feminino,330036,0.0
1994,BA,Masculino,549807,0.0
1994,CE,Feminino,264308,0.0
1994,CE,Masculino,312640,0.0
1994,DF,Feminino,197353,0.0
1994,DF,Masculino,434529,0.0
1994,ES,Feminino,147060,0.0
1994,ES,Masculino,257678,0.0
1994,GO,Feminino,187914,0.0
1994,GO,Masculino,291837,0.0
1994,MA,Feminino,109889,0.0
1994,MA,Masculino,131464,0.0
1994,MG,Feminino,788920,0.0
1994,MG,Masculino,1481573,0.0
1994,MS,Feminino,85267,0.0
1994,MS,Masculino,162403,0.0
1994,MT,Feminino,81539,0.0
1994,MT,Masculino,148469,0.0
1994,PA,Feminino,153568,0.0
1994,PA,Masculino,243648,0.0
1994,PB,Feminino,118228,0.0
1994,PB,Masculino,128734,0.0
1994,PE,Feminino,288843,0.0
1994,PE,Masculino,517331,0.0
1994,PI,Feminino,87149,0.0
1994,PI,Masculino,97049,0.0
1994,PR,Feminino,519938,0.0
1994,PR,Masculino,910069,0.0
1994,RJ,Feminino,966879,0.0
1994,RJ,Masculino,1723908,0.0
1994,RN,Feminino,126670,0.0
1994,RN,Masculino,148692,0.0
1994,RO,Feminino,48632,0.0
1994,RO,Masculino,66849,0.0
1994,RR,Feminino,9338,0.0
1994,RR,Masculino,11439,0.0
1994,RS,Feminino,709599,0.0
1994,RS,Masculino,1075073,0.0
1994,SC,Feminino,334098,0.0
1994,SC,Masculino,589494,0.0
1994,SE,Feminino,76747,0.0
1994,SE,Masculino,102994,0.0
1994,SP,Feminino,2797641,0.0
1994,SP,Masculino,5037760,0.0
1994,TO,Feminino,10739,0.0
1994,TO,Masculino,19912,0.0
1995,AC,Feminino,24992,0.0
1995,AC,Masculino,23164,0.0
1995,AL,Feminino,108583,0.0
1995,AL,Masculino,167690,0.0
1995,AM,Feminino,102350,0.0
1995,AM,Masculino,136903,0.0
1995,AP,Feminino,12221,0.0
1995,AP,Masculino,19537,0.0
1995,BA,Feminino,380356,0.0
1995,BA,Masculino,571082,0.0
1995,CE,Feminino,273863,0.0
1995,CE,Masculino,322207,0.0
1995,DF,Feminino,192904,0.0
1995,DF,Masculino,436254,0.0
1995,ES,Feminino,155881,0.0
1995,ES,Masculino,264666,0.0
1995,GO,Feminino,202643,0.0
1995,GO,Masculino,308345,0.0
1995,MA,Feminino,112917,0.0
1995,MA,Masculino,135008,0.0
1995,MG,Feminino,856975,0.0
1995,MG,Masculino,1579268,0.0
1995,MS,Feminino,90497,0.0
1995,MS,Masculino,164801,0.0
1995,MT,Feminino,80422,0.0
1995,MT,Masculino,152012,0.0
1995,PA,Feminino,154384,0.0
1995,PA,Masculino,239424,0.0
1995,PB,Feminino,141851,0.0
1995,PB,Masculino,166583,0.0
1995,PE,Feminino,297752,0.0
1995,PE,Masculino,527261,0.0
1995,PI,Feminino,87124,0.0
1995,PI,Masculino,97260,0.0
1995,PR,Feminino,540638,0.0
1995,PR,Masculino,921846,0.0
1995,RJ,Feminino,972159,0.0
1995,RJ,Masculino,1716033,0.0
1995,RN,Feminino,132023,0.0
1995,RN,Masculino,153962,0.0
1995,RO,Feminino,49859,0.0
1995,RO,Masculino,69143,0.0
1995,RR,Feminino,9247,0.0
1995,RR,Masculino,12159,0.0
1995,RS,Feminino,690357,0.0
1995,RS,Masculino,1038811,0.0
1995,SC,Feminino,329742,0.0
1995,SC,Masculino,579003,0.0
1995,SE,Feminino,77559,0.0
1995,SE,Masculino,100989,0.0
1995,SP,Feminino,2771673,0.0
1995,SP,Masculino,4936604,0.0
1995,TO,Feminino,22144,0.0
1995,TO,Masculino,34587,0.0
1996,AC,Feminino,27261,0.0
1996,AC,Masculino,27396,0.0
1996,AL,Feminino,108498,0.0
1996,AL,Masculino,171082,0.0
1996,AM,Feminino,94444,0.0
1996,AM,Masculino,136298,0.0
1996,AP,Feminino,16266,0.0
1996,AP,Masculino,22732,0.0
1996,BA,Feminino,391906,0.0
1996,BA,Masculino,571912,0.0
1996,CE,Feminino,286190,0.0
1996,CE,Masculino,328849,0.0
1996,DF,Feminino,180742,0.0
1996,DF,Masculino,438763,0.0
1996,ES,Feminino,155300,0.0
1996,ES,Masculino,270971,0.0
1996,GO,Feminino,205508,0.0
1996,GO,Masculino,321600,0.0
1996,MA,Feminino,114608,0.0
1996,MA,Masculino,137553,0.0
1996,MG,Feminino,879297,0.0
1996,MG,Masculino,1590410,0.0
1996,MS,Feminino,93049,0.0
1996,MS,Masculino,163679,0.0
1996,MT,Feminino,82531,0.0
1996,MT,Masculino,157870,0.0
1996,PA,Feminino,156574,0.0
1996,PA,Masculino,240188,0.0
1996,PB,Feminino,138895,0.0
1996,PB,Masculino,166162,0.0
1996,PE,Feminino,296824,0.0
1996,PE,Masculino,517883,0.0
1996,PI,Feminino,86355,0.0
1996,PI,Masculino,106411,0.0
1996,PR,Feminino,538520,0.0
1996,PR,Masculino,906543,0.0
1996,RJ,Feminino,1007051,0.0
1996,RJ,Masculino,1705475,0.0
1996,RN,Feminino,130761,0.0
1996,RN,Masculino,156853,0.0
1996,RO,Feminino,46492,0.0
1996,RO,Masculino,66382,0.0
1996,RR,Feminino,8591,0.0
1996,RR,Masculino,13207,0.0
1996,RS,Feminino,712132,0.0
1996,RS,Masculino,1023664,0.0
1996,SC,Feminino,333701,0.0
1996,SC,Masculino,575907,0.0
1996,SE,Feminino,77862,0.0
1996,SE,Masculino,106039,0.0
1996,SP,Feminino,2803859,0.0
1996,SP,Masculino,4854410,0.0
1996,TO,Feminino,28822,0.0
1996,TO,Masculino,42976,0.0
1997,AC,Feminino,27510,0.0
1997,AC,Masculino,27707,0.0
1997,AL,Feminino,91795,0.0
1997,AL,Masculino,157950,0.0
1997,AM,Feminino,95216,0.0
1997,AM,Masculino,138302,0.0
1997,AP,Feminino,15768,0.0
1997,AP,Masculino,22650,0.0
1997,BA,Feminino,414366,0.0
1997,BA,Masculino,588875,0.0
1997,CE,Feminino,287849,0.0
1997,CE,Masculino,338606,0.0
1997,DF,Feminino,195218,0.0
1997,DF,Masculino,469413,0.0
1997,ES,Feminino,150497,0.0
1997,ES,Masculino,265410,0.0
1997,GO,Feminino,214656,0.0
1997,GO,Masculino,338433,0.0
1997,MA,Feminino,116561,0.0
1997,MA,Masculino,148403,0.0
1997,MG,Feminino,907969,0.0
1997,MG,Masculino,1629358,0.0
1997,MS,Feminino,94946,0.0
1997,MS,Masculino,171257,0.0
1997,MT,Feminino,89320,0.0
1997,MT,Masculino,171199,0.0
1997,PA,Feminino,155485,0.0
1997,PA,Masculino,240484,0.0
1997,PB,Feminino,136120,0.0
1997,PB,Masculino,169131,0.0
1997,PE,Feminino,306404,0.0
1997,PE,Masculino,511515,0.0
1997,PI,Feminino,82951,0.0
1997,PI,Masculino,99641,0.0
1997,PR,Feminino,572841,0.0
1997,PR,Masculino,955288,0.0
1997,RJ,Feminino,993209,0.0
1997,RJ,Masculino,1662185,0.0
1997,RN,Feminino,123352,0.0
1997,RN,Masculino,148974,0.0
1997,RO,Feminino,54984,0.0
1997,RO,Masculino,75352,0.0
1997,RR,Feminino,9439,0.0
1997,RR,Masculino,12350,0.0
1997,RS,Feminino,718694,0.0
1997,RS,Masculino,1039973,0.0
1997,SC,Feminino,344588,0.0
1997,SC,Masculino,594120,0.0
1997,SE,Feminino,79200,0.0
1997,SE,Masculino,108081,0.0
1997,SP,Feminino,2814485,0.0
1997,SP,Masculino,4823176,0.0
1997,TO,Feminino,34869,0.0
1997,TO,Masculino,42264,0.0
1998,AC,Feminino,30143,0.0
1998,AC,Masculino,30033,0.0
1998,AL,Feminino,93703,0.0
1998,AL,Masculino,159539,0.0
1998,AM,Feminino,96494,0.0
1998,AM,Masculino,140533,0.0
1998,AP,Feminino,18352,0.0
1998,AP,Masculino,25516,0.0
1998,BA,Feminino,437083,0.0
1998,BA,Masculino,625251,0.0
1998,CE,Feminino,294567,0.0
1998,CE,Masculino,350925,0.0
1998,DF,Feminino,219520,0.0
1998,DF,Masculino,499963,0.0
1998,ES,Feminino,160401,0.0
1998,ES,Masculino,271570,0.0
1998,GO,Feminino,226598,0.0
1998,GO,Masculino,354022,0.0
1998,MA,Feminino,121244,0.0
1998,MA,Masculino,152190,0.0
1998,MG,Feminino,992370,0.0
1998,MG,Masculino,1647003,0.0
1998,MS,Feminino,97887,0.0
1998,MS,Masculino,177538,0.0
1998,MT,Feminino,95193,0.0
1998,MT,Masculino,181815,0.0
1998,PA,Feminino,158853,0.0
1998,PA,Masculino,259589,0.0
1998,PB,Feminino,145541,0.0
1998,PB,Masculino,181147,0.0
1998,PE,Feminino,313227,0.0
1998,PE,Masculino,509501,0.0
1998,PI,Feminino,91553,0.0
1998,PI,Masculino,105028,0.0
1998,PR,Feminino,589929,0.0
1998,PR,Masculino,970107,0.0
1998,RJ,Feminino,1014985,0.0
1998,RJ,Masculino,1671391,0.0
1998,RN,Feminino,128558,0.0
1998,RN,Masculino,157767,0.0
1998,RO,Feminino,54161,0.0
1998,RO,Masculino,78821,0.0
1998,RR,Feminino,10718,0.0
1998,RR,Masculino,15029,0.0
1998,RS,Feminino,732824,0.0
1998,RS,Masculino,1051489,0.0
1998,SC,Feminino,351132,0.0
1998,SC,Masculino,595884,0.0
1998,SE,Feminino,81945,0.0
1998,SE,Masculino,111125,0.0
1998,SP,Feminino,2809244,0.0
1998,SP,Masculino,4709670,0.0
1998,TO,Feminino,39778,0.0
1998,TO,Masculino,50756,0.0
1999,AC,Feminino,28869,560.38
1999,AC,Masculino,29205,693.16
1999,AL,Feminino,95190,435.21
1999,AL,Masculino,158278,473.28
1999,AM,Feminino,98091,621.87
1999,AM,Masculino,134874,786.88
1999,AP,Feminino,18127,822.77
1999,AP,Masculino,25802,841.54
1999,BA,Feminino,469266,469.6
1999,BA,Masculino,639339,560.54
1999,CE,Feminino,311378,405.07
1999,CE,Masculino,355654,509.47
1999,DF,Feminino,231073,1208.21
1999,DF,Masculino,499706,1152.93
1999,ES,Feminino,167958,528.91
1999,ES,Masculino,283423,635.76
1999,GO,Feminino,241472,437.13
1999,GO,Masculino,369200,528.44
1999,MA,Feminino,126672,394.56
1999,MA,Masculino,145934,534.55
1999,MG,Feminino,1049723,497.09
1999,MG,Masculino,1678783,571.51
1999,MS,Feminino,104474,493.9
1999,MS,Masculino,178880,558.91
1999,MT,Feminino,99521,543.33
1999,MT,Masculino,190286,566.2
1999,PA,Feminino,164112,513.43
1999,PA,Masculino,267964,581.33
1999,PB,Feminino,151844,380.81
1999,PB,Masculino,178548,498.36
1999,PE,Feminino,330884,470.18
1999,PE,Masculino,523995,536.01
1999,PI,Feminino,95452,378.65
1999,PI,Masculino,106116,496.85
1999,PR,Feminino,604690,527.68
1999,PR,Masculino,976104,649.95
1999,RJ,Feminino,1027070,654.79
1999,RJ,Masculino,1614228,798.23
1999,RN,Feminino,137258,378.65
1999,RN,Masculino,160358,498.98
1999,RO,Feminino,60581,606.14
1999,RO,Masculino,83879,664.23
1999,RR,Feminino,10691,766.58
1999,RR,Masculino,13916,831.86
1999,RS,Feminino,758027,575.84
1999,RS,Masculino,1057202,720.39
1999,SC,Feminino,378596,506.23
1999,SC,Masculino,633335,657.57
1999,SE,Feminino,84805,441.81
1999,SE,Masculino,110781,557.42
1999,SP,Feminino,2890557,750.31
1999,SP,Masculino,4744849,923.75
1999,TO,Feminino,42616,478.14
1999,TO,Masculino,53416,582.53
2000,AC,Feminino,29637,623.22
2000,AC,Masculino,31811,722.18
2000,AL,Feminino,97448,459.26
2000,AL,Masculino,174735,480.78
2000,AM,Feminino,102692,644.26
2000,AM,Masculino,146681,813.2
2000,AP,Feminino,19777,822.14
2000,AP,Masculino,27738,859.74
2000,BA,Feminino,490319,514.45
2000,BA,Masculino,687024,609.05
2000,CE,Feminino,317090,430.27
2000,CE,Masculino,374003,544.48
2000,DF,Feminino,278016,1300.59
2000,DF,Masculino,534345,1226.05
2000,ES,Feminino,174199,553.36
2000,ES,Masculino,297499,656.95
2000,GO,Feminino,260126,468.02
2000,GO,Masculino,403776,560.79
2000,MA,Feminino,128192,437.69
2000,MA,Masculino,156601,553.4
2000,MG,Feminino,1069201,544.31
2000,MG,Masculino,1734253,616.75
2000,MS,Feminino,108737,529.85
2000,MS,Masculino,190892,576.86
2000,MT,Feminino,109695,564.5
2000,MT,Masculino,205852,582.53
2000,PA,Feminino,168899,543.87
2000,PA,Masculino,289737,603.42
2000,PB,Feminino,153810,406.86
2000,PB,Masculino,185325,520.4
2000,PE,Feminino,348158,526.46
2000,PE,Masculino,534874,594.31
2000,PI,Feminino,95516,404.67
2000,PI,Masculino,110213,519.8
2000,PR,Feminino,643830,555.42
2000,PR,Masculino,1009605,691.79
2000,RJ,Feminino,1050883,721.71
2000,RJ,Masculino,1667255,854.83
2000,RN,Feminino,144741,399.82
2000,RN,Masculino,170747,518.14
2000,RO,Feminino,58087,672.5
2000,RO,Masculino,89817,731.78
2000,RR,Feminino,10266,807.98
2000,RR,Masculino,13180,823.96
2000,RS,Feminino,790574,609.84
2000,RS,Masculino,1103215,759.68
2000,SC,Feminino,407780,516.52
2000,SC,Masculino,670149,668.53
2000,SE,Feminino,87419,477.31
2000,SE,Masculino,118635,583.66
2000,SP,Feminino,3054635,792.37
2000,SP,Masculino,4994897,971.71
2000,TO,Feminino,45919,480.06
2000,TO,Masculino,60124,578.71
2001,AC,Feminino,30873,709.13
2001,AC,Masculino,33908,813.88
2001,AL,Feminino,107722,499.06
2001,AL,Masculino,178951,537.21
2001,AM,Feminino,136112,807.99
2001,AM,Masculino,131161,827.56
2001,AP,Feminino,19101,804.03
2001,AP,Masculino,27542,892.01
2001,BA,Feminino,513674,542.58
2001,BA,Masculino,695893,650.98
2001,CE,Feminino,318322,457.44
2001,CE,Masculino,406632,592.07
2001,DF,Feminino,254362,1384.24
2001,DF,Masculino,527018,1449.76
2001,ES,Feminino,193312,578.11
2001,ES,Masculino,321841,683.23
2001,GO,Feminino,294756,512.83
2001,GO,Masculino,435852,618.67
2001,MA,Feminino,141321,477.27
2001,MA,Masculino,167158,604.85
2001,MG,Feminino,1114886,579.44
2001,MG,Masculino,1778840,678.02
2001,MS,Feminino,119850,582.78
2001,MS,Masculino,201411,655.54
2001,MT,Feminino,119818,577.98
2001,MT,Masculino,222339,620.0
2001,PA,Feminino,182668,588.8
2001,PA,Masculino,305700,655.54
2001,PB,Feminino,169800,445.7
2001,PB,Masculino,189335,562.78
2001,PE,Feminino,345794,541.3
2001,PE,Masculino,549621,609.78
2001,PI,Feminino,100505,431.75
2001,PI,Masculino,114652,562.75
2001,PR,Feminino,679755,580.87
2001,PR,Masculino,1041901,747.83
2001,RJ,Feminino,1097541,788.56
2001,RJ,Masculino,1703829,971.89
2001,RN,Feminino,157769,430.08
2001,RN,Masculino,179391,574.4
2001,RO,Feminino,58961,659.91
2001,RO,Masculino,91546,740.76
2001,RR,Feminino,11205,855.76
2001,RR,Masculino,15640,896.81
2001,RS,Feminino,837768,663.92
2001,RS,Masculino,1144618,831.4
2001,SC,Feminino,442501,551.97
2001,SC,Masculino,713211,729.58
2001,SE,Feminino,95270,525.26
2001,SE,Masculino,123209,635.44
2001,SP,Feminino,3155156,849.31
2001,SP,Masculino,5072211,1065.2
2001,TO,Feminino,53014,535.53
2001,TO,Masculino,64349,640.32
2002,AC,Feminino,32509,802.33
2002,AC,Masculino,35930,891.04
2002,AL,Feminino,113324,534.99
2002,AL,Masculino,198456,559.65
2002,AM,Feminino,117695,782.61
2002,AM,Masculino,173620,972.96
2002,AP,Feminino,24672,1017.5
2002,AP,Masculino,31288,969.73
2002,BA,Feminino,558495,579.64
2002,BA,Masculino,751222,685.2
2002,CE,Feminino,354181,502.54
2002,CE,Masculino,439131,639.73
2002,DF,Feminino,270240,1567.6
2002,DF,Masculino,543351,1603.52
2002,ES,Feminino,213219,623.29
2002,ES,Masculino,338382,750.18
2002,GO,Feminino,319519,582.51
2002,GO,Masculino,461924,675.76
2002,MA,Feminino,150077,523.07
2002,MA,Masculino,179858,647.03
2002,MG,Feminino,1186053,613.37
2002,MG,Masculino,1860309,713.42
2002,MS,Feminino,133905,625.22
2002,MS,Masculino,215695,697.22
2002,MT,Feminino,134904,620.1
2002,MT,Masculino,244248,661.25
2002,PA,Feminino,206951,638.37
2002,PA,Masculino,339300,684.78
2002,PB,Feminino,176053,483.47
2002,PB,Masculino,199484,580.46
2002,PE,Feminino,369818,590.0
2002,PE,Masculino,574077,662.98
2002,PI,Feminino,114674,477.04
2002,PI,Masculino,122271,589.69
2002,PR,Feminino,724756,623.58
2002,PR,Masculino,1087875,785.79
2002,RJ,Feminino,1139484,880.5
2002,RJ,Masculino,1782979,1057.04
2002,RN,Feminino,135094,490.21
2002,RN,Masculino,183877,618.53
2002,RO,Feminino,73706,730.8
2002,RO,Masculino,99570,820.23
2002,RR,Feminino,11943,923.02
2002,RR,Masculino,16186,1092.51
2002,RS,Feminino,860337,713.92
2002,RS,Masculino,1167025,881.77
2002,SC,Feminino,482563,618.47
2002,SC,Masculino,753049,794.52
2002,SE,Feminino,102314,592.23
2002,SE,Masculino,136991,691.7
2002,SP,Feminino,3350745,908.76
2002,SP,Masculino,5257303,1119.3
2002,TO,Feminino,61304,609.44
2002,TO,Masculino,71923,682.7
2003,AC,Feminino,33027,822.57
2003,AC,Masculino,35473,930.06
2003,AL,Feminino,115774,568.67
2003,AL,Masculino,199917,600.16
2003,AM,Feminino,89301,707.22
2003,AM,Masculino,229060,1069.62
2003,AP,Feminino,27717,1082.66
2003,AP,Masculino,35210,1180.1
2003,BA,Feminino,590018,640.77
2003,BA,Masculino,789591,768.07
2003,CE,Feminino,372327,540.17
2003,CE,Masculino,452735,693.54
2003,DF,Feminino,272924,1715.36
2003,DF,Masculino,537198,1768.36
2003,ES,Feminino,217947,685.74
2003,ES,Masculino,347354,845.31
2003,GO,Feminino,335755,633.36
2003,GO,Masculino,491284,744.5
2003,MA,Feminino,160599,601.04
2003,MA,Masculino,188162,729.04
2003,MG,Feminino,1238737,673.42
2003,MG,Masculino,1899289,791.45
2003,MS,Feminino,137448,654.17
2003,MS,Masculino,227794,752.15
2003,MT,Feminino,145074,688.87
2003,MT,Masculino,269027,750.72
2003,PA,Feminino,219379,697.23
2003,PA,Masculino,353200,743.22
2003,PB,Feminino,177591,551.18
2003,PB,Masculino,206276,676.04
2003,PE,Feminino,374201,625.15
2003,PE,Masculino,587975,716.58
2003,PI,Feminino,120828,550.12
2003,PI,Masculino,126278,675.24
2003,PR,Feminino,756935,685.85
2003,PR,Masculino,1127445,879.13
2003,RJ,Feminino,1141206,940.47
2003,RJ,Masculino,1803987,1158.27
2003,RN,Feminino,171184,556.91
2003,RN,Masculino,216823,700.09
2003,RO,Feminino,78938,770.95
2003,RO,Masculino,104539,887.42
2003,RR,Feminino,12267,1033.22
2003,RR,Masculino,15458,1081.79
2003,RS,Feminino,884077,810.62
2003,RS,Masculino,1195734,990.73
2003,SC,Feminino,513012,669.34
2003,SC,Masculino,779395,885.93
2003,SE,Feminino,105457,640.77
2003,SE,Masculino,139654,753.28
2003,SP,Feminino,3445983,982.55
2003,SP,Masculino,5302169,1220.45
2003,TO,Feminino,66276,656.79
2003,TO,Masculino,79916,763.56
2004,AC,Feminino,35340,893.88
2004,AC,Masculino,38391,969.19
2004,AL,Feminino,123953,624.69
2004,AL,Masculino,222550,678.56
2004,AM,Feminino,103990,788.87
2004,AM,Masculino,261098,1167.71
2004,AP,Feminino,30777,1181.57
2004,AP,Masculino,39341,1260.98
2004,BA,Feminino,617042,692.71
2004,BA,Masculino,841273,830.16
2004,CE,Feminino,398584,602.1
2004,CE,Masculino,461851,732.44
2004,DF,Feminino,293080,1893.0
2004,DF,Masculino,561383,1906.26
2004,ES,Feminino,227053,738.31
2004,ES,Masculino,366540,901.74
2004,GO,Feminino,353491,708.54
2004,GO,Masculino,519333,813.95
2004,MA,Feminino,166413,752.76
2004,MA,Masculino,203957,802.96
2004,MG,Feminino,1309987,717.4
2004,MG,Masculino,2022788,860.87
2004,MS,Feminino,146961,753.74
2004,MS,Masculino,244699,847.65
2004,MT,Feminino,166966,782.57
2004,MT,Masculino,305670,849.68
2004,PA,Feminino,238447,737.27
2004,PA,Masculino,397046,792.33
2004,PB,Feminino,179295,622.5
2004,PB,Masculino,216855,709.65
2004,PE,Feminino,398317,672.64
2004,PE,Masculino,624292,754.94
2004,PI,Feminino,127674,630.39
2004,PI,Masculino,135509,756.86
2004,PR,Feminino,822687,757.51
2004,PR,Masculino,1210083,963.22
2004,RJ,Feminino,1200005,1029.15
2004,RJ,Masculino,1860169,1251.48
2004,RN,Feminino,184658,634.49
2004,RN,Masculino,236451,779.04
2004,RO,Feminino,87460,846.78
2004,RO,Masculino,114338,961.34
2004,RR,Feminino,8717,889.13
2004,RR,Masculino,14555,1018.5
2004,RS,Feminino,939593,878.4
2004,RS,Masculino,1253738,1087.76
2004,SC,Feminino,566143,739.54
2004,SC,Masculino,840104,977.93
2004,SE,Feminino,108563,758.25
2004,SE,Masculino,147493,864.65
2004,SP,Feminino,3655373,1056.11
2004,SP,Masculino,5617804,1323.79
2004,TO,Feminino,71289,729.27
2004,TO,Masculino,88406,833.24
2005,AC,Feminino,37394,996.05
2005,AC,Masculino,42037,1041.38
2005,AL,Feminino,131854,698.15
2005,AL,Masculino,235262,754.31
2005,AM,Feminino,118003,839.88
2005,AM,Masculino,288390,1251.38
2005,AP,Feminino,31746,1262.5
2005,AP,Masculino,41364,1313.66
2005,BA,Feminino,672494,789.68
2005,BA,Masculino,924496,916.54
2005,CE,Feminino,422503,672.64
2005,CE,Masculino,497658,794.75
2005,DF,Feminino,310615,2082.59
2005,DF,Masculino,581094,2084.79
2005,ES,Feminino,251790,813.22
2005,ES,Masculino,404554,987.15
2005,GO,Feminino,388911,777.27
2005,GO,Masculino,556016,892.81
2005,MA,Feminino,178784,690.5
2005,MA,Masculino,221370,823.8
2005,MG,Feminino,1433137,764.08
2005,MG,Masculino,2159423,928.63
2005,MS,Feminino,162920,846.79
2005,MS,Masculino,256277,932.19
2005,MT,Feminino,182056,831.89
2005,MT,Masculino,308059,913.01
2005,PA,Feminino,255734,806.78
2005,PA,Masculino,420123,857.09
2005,PB,Feminino,189306,670.14
2005,PB,Masculino,231529,776.87
2005,PE,Feminino,436618,747.85
2005,PE,Masculino,658933,826.21
2005,PI,Feminino,134774,683.99
2005,PI,Masculino,144424,793.07
2005,PR,Feminino,867418,833.28
2005,PR,Masculino,1241930,1048.41
2005,RJ,Feminino,1271700,1093.2
2005,RJ,Masculino,1920084,1345.08
2005,RN,Feminino,197106,698.76
2005,RN,Masculino,253691,843.49
2005,RO,Feminino,92607,913.0
2005,RO,Masculino,120569,1035.48
2005,RR,Feminino,14648,1120.44
2005,RR,Masculino,19101,1244.69
2005,RS,Feminino,965869,947.21
2005,RS,Masculino,1269599,1162.8
2005,SC,Feminino,607141,791.17
2005,SC,Masculino,879828,1058.89
2005,SE,Feminino,118412,848.58
2005,SE,Masculino,159376,943.68
2005,SP,Feminino,3856669,1127.65
2005,SP,Masculino,5904095,1409.63
2005,TO,Feminino,76294,814.5
2005,TO,Masculino,92827,909.99
2006,AC,Feminino,39290,1161.61
2006,AC,Masculino,46293,1188.01
2006,AL,Feminino,141854,793.63
2006,AL,Masculino,251378,839.48
2006,AM,Feminino,186766,1107.12
2006,AM,Masculino,252605,1322.5
2006,AP,Feminino,34365,1433.92
2006,AP,Masculino,44152,1417.89
2006,BA,Feminino,715412,879.29
2006,BA,Masculino,966061,993.85
2006,CE,Feminino,451091,750.16
2006,CE,Masculino,538399,872.45
2006,DF,Feminino,327679,2411.22
2006,DF,Masculino,589250,2395.87
2006,ES,Feminino,272397,903.02
2006,ES,Masculino,434983,1080.33
2006,GO,Feminino,408234,880.95
2006,GO,Masculino,584588,993.46
2006,MA,Feminino,194825,763.66
2006,MA,Masculino,242608,900.57
2006,MG,Feminino,1471654,854.19
2006,MG,Masculino,2272389,1017.44
2006,MS,Feminino,171915,959.39
2006,MS,Masculino,266770,1073.56
2006,MT,Feminino,193252,967.04
2006,MT,Masculino,324873,1023.07
2006,PA,Feminino,281922,909.53
2006,PA,Masculino,456680,957.48
2006,PB,Feminino,200569,738.18
2006,PB,Masculino,250151,852.04
2006,PE,Feminino,466161,824.28
2006,PE,Masculino,696395,896.77
2006,PI,Feminino,140243,793.48
2006,PI,Masculino,153005,894.48
2006,PR,Feminino,944245,894.33
2006,PR,Masculino,1307045,1130.94
2006,RJ,Feminino,1339715,1178.02
2006,RJ,Masculino,2033912,1429.93
2006,RN,Feminino,201359,814.81
2006,RN,Masculino,273898,940.21
2006,RO,Feminino,98917,976.83
2006,RO,Masculino,128607,1134.45
2006,RR,Feminino,16131,1238.48
2006,RR,Masculino,20607,1392.41
2006,RS,Feminino,1011936,1021.58
2006,RS,Masculino,1308805,1265.08
2006,SC,Feminino,666202,869.42
2006,SC,Masculino,932252,1157.23
2006,SE,Feminino,127710,989.66
2006,SE,Masculino,174784,1066.59
2006,SP,Feminino,4101617,1197.72
2006,SP,Masculino,6213501,1494.79
2006,TO,Feminino,84239,937.51
2006,TO,Masculino,101552,1022.63
2007,AC,Feminino,42097,1288.88
2007,AC,Masculino,49912,1285.79
2007,AL,Feminino,148610,873.04
2007,AL,Masculino,259327,899.77
2007,AM,Feminino,201467,1154.25
2007,AM,Masculino,281260,1398.21
2007,AP,Feminino,39060,1510.86
2007,AP,Masculino,49838,1503.63
2007,BA,Feminino,760271,943.41
2007,BA,Masculino,1024355,1062.46
2007,CE,Feminino,479502,813.7
2007,CE,Masculino,579890,919.72
2007,DF,Feminino,341613,2559.13
2007,DF,Masculino,603051,2541.7
2007,ES,Feminino,296951,984.29
2007,ES,Masculino,454608,1172.06
2007,GO,Feminino,431873,952.74
2007,GO,Masculino,629553,1080.38
2007,MA,Feminino,210943,835.45
2007,MA,Masculino,271995,975.23
2007,MG,Feminino,1623657,903.63
2007,MG,Masculino,2412546,1089.88
2007,MS,Feminino,183426,1009.61
2007,MS,Masculino,288744,1133.52
2007,MT,Feminino,211388,1007.92
2007,MT,Masculino,360217,1090.59
2007,PA,Feminino,301174,1003.72
2007,PA,Masculino,494978,1043.57
2007,PB,Feminino,208656,806.3
2007,PB,Masculino,266815,900.64
2007,PE,Feminino,497810,897.5
2007,PE,Masculino,741689,959.55
2007,PI,Feminino,137490,835.78
2007,PI,Masculino,161341,958.87
2007,PR,Feminino,996045,963.66
2007,PR,Masculino,1382886,1203.68
2007,RJ,Feminino,1480921,1265.37
2007,RJ,Masculino,2184925,1520.89
2007,RN,Feminino,213183,883.6
2007,RN,Masculino,285284,1013.59
2007,RO,Feminino,104371,1010.47
2007,RO,Masculino,141143,1171.21
2007,RR,Feminino,20511,1301.06
2007,RR,Masculino,25231,1463.61
2007,RS,Feminino,1054984,1078.21
2007,RS,Masculino,1370856,1329.25
2007,SC,Feminino,717726,920.95
2007,SC,Masculino,980074,1215.35
2007,SE,Feminino,135045,1027.29
2007,SE,Masculino,185631,1115.21
2007,SP,Feminino,4432104,1255.93
2007,SP,Masculino,6646800,1576.06
2007,TO,Feminino,90112,1024.42
2007,TO,Masculino,113487,1104.43
2008,AC,Feminino,44277,1383.04
2008,AC,Masculino,54447,1371.07
2008,AL,Feminino,155158,980.97
2008,AL,Masculino,269875,986.64
2008,AM,Feminino,211089,1290.65
2008,AM,Masculino,299130,1551.37
2008,AP,Feminino,44533,1678.13
2008,AP,Masculino,53650,1715.14
2008,BA,Feminino,791661,1042.93
2008,BA,Masculino,1069791,1162.52
2008,CE,Feminino,512710,903.51
2008,CE,Masculino,617289,1000.59
2008,DF,Feminino,362900,2842.62
2008,DF,Masculino,638183,2831.97
2008,ES,Feminino,306467,1068.76
2008,ES,Masculino,469823,1297.57
2008,GO,Feminino,467049,1003.99
2008,GO,Masculino,667997,1177.76
2008,MA,Feminino,234752,944.85
2008,MA,Masculino,305258,1087.69
2008,MG,Feminino,1696571,1003.73
2008,MG,Masculino,2487612,1208.46
2008,MS,Feminino,197938,1114.49
2008,MS,Masculino,299382,1268.68
2008,MT,Feminino,212899,1112.1
2008,MT,Masculino,377639,1181.88
2008,PA,Feminino,327358,1101.03
2008,PA,Masculino,518397,1168.4
2008,PB,Feminino,222206,889.8
2008,PB,Masculino,291133,962.16
2008,PE,Feminino,522854,998.9
2008,PE,Masculino,785917,1066.01
2008,PI,Feminino,153263,964.88
2008,PI,Masculino,182369,1068.81
2008,PR,Feminino,1063409,1043.53
2008,PR,Masculino,1440518,1309.89
2008,RJ,Feminino,1479435,1375.77
2008,RJ,Masculino,2232948,1686.17
2008,RN,Feminino,219122,980.4
2008,RN,Masculino,296105,1138.02
2008,RO,Feminino,112306,1097.91
2008,RO,Masculino,150279,1279.18
2008,RR,Feminino,23719,1353.26
2008,RR,Masculino,27699,1522.35
2008,RS,Feminino,1102995,1159.63
2008,RS,Masculino,1418316,1432.22
2008,SC,Feminino,763086,1007.3
2008,SC,Masculino,1014518,1317.08
2008,SE,Feminino,132791,1130.5
2008,SE,Masculino,186455,1224.58
2008,SP,Feminino,4750196,1352.96
2008,SP,Masculino,6962967,1722.9
2008,TO,Feminino,95841,1108.88
2008,TO,Masculino,117284,1197.12
2009,AC,Feminino,47077,1468.78
2009,AC,Masculino,58936,1439.74
2009,AL,Feminino,161520,1077.2
2009,AL,Masculino,284616,1096.24
2009,AM,Feminino,208754,1348.2
2009,AM,Masculino,300891,1591.74
2009,AP,Feminino,47573,1813.66
2009,AP,Masculino,58198,1808.12
2009,BA,Feminino,845031,1146.42
2009,BA,Masculino,1154601,1264.43
2009,CE,Feminino,556970,998.29
2009,CE,Masculino,679291,1096.97
2009,DF,Feminino,383122,3099.39
2009,DF,Masculino,679119,3021.41
2009,ES,Feminino,331025,1171.55
2009,ES,Masculino,485881,1391.43
2009,GO,Feminino,500322,1104.86
2009,GO,Masculino,708988,1277.52
2009,MA,Feminino,245076,1068.73
2009,MA,Masculino,317199,1166.07
2009,MG,Feminino,1786720,1081.94
2009,MG,Masculino,2564119,1307.31
2009,MS,Feminino,210045,1234.58
2009,MS,Masculino,313462,1382.32
2009,MT,Feminino,229759,1209.85
2009,MT,Masculino,392700,1301.11
2009,PA,Feminino,343244,1184.32
2009,PA,Masculino,527625,1252.02
2009,PB,Feminino,237306,1016.55
2009,PB,Masculino,306069,1088.82
2009,PE,Feminino,562048,1099.04
2009,PE,Masculino,837949,1163.23
2009,PI,Feminino,156735,1081.53
2009,PI,Masculino,194966,1176.42
2009,PR,Feminino,1137131,1141.17
2009,PR,Masculino,1500658,1418.37
2009,RJ,Feminino,1540772,1489.87
2009,RJ,Masculino,2310487,1822.44
2009,RN,Feminino,229367,1099.5
2009,RN,Masculino,309390,1255.32
2009,RO,Feminino,122136,1201.01
2009,RO,Masculino,174801,1435.14
2009,RR,Feminino,35864,1631.36
2009,RR,Masculino,37907,1738.15
2009,RS,Feminino,1149761,1234.64
2009,RS,Masculino,1452559,1511.31
2009,SC,Feminino,796320,1089.5
2009,SC,Masculino,1042014,1414.7
2009,SE,Feminino,143525,1253.22
2009,SE,Masculino,200527,1359.44
2009,SP,Feminino,4961286,1459.09
2009,SP,Masculino,7117845,1835.04
2009,TO,Feminino,104032,1234.12
2009,TO,Masculino,124227,1327.81
2010,AC,Feminino,55077,1592.68
2010,AC,Masculino,66110,1622.34
2010,AL,Feminino,170819,1181.89
2010,AL,Masculino,300173,1179.17
2010,AM,Feminino,244954,1413.91
2010,AM,Masculino,330785,1710.46
2010,AP,Feminino,49248,1980.07
2010,AP,Masculino,58943,1979.57
2010,BA,Feminino,892170,1248.49
2010,BA,Masculino,1247062,1377.29
2010,CE,Feminino,587494,1096.58
2010,CE,Masculino,738298,1194.98
2010,DF,Feminino,399326,3281.38
2010,DF,Masculino,700506,3269.94
2010,ES,Feminino,350876,1278.1
2010,ES,Masculino,509545,1533.32
2010,GO,Feminino,548237,1230.25
2010,GO,Masculino,765404,1402.64
2010,MA,Feminino,272997,1186.31
2010,MA,Masculino,363628,1293.33
2010,MG,Feminino,1921785,1178.17
2010,MG,Masculino,2725106,1443.25
2010,MS,Feminino,227179,1346.5
2010,MS,Masculino,333610,1519.6
2010,MT,Feminino,242337,1357.13
2010,MT,Masculino,414205,1449.07
2010,PA,Feminino,370211,1339.46
2010,PA,Masculino,581024,1387.35
2010,PB,Feminino,250338,1141.97
2010,PB,Masculino,329166,1234.24
2010,PE,Feminino,609439,1208.12
2010,PE,Masculino,927187,1293.44
2010,PI,Feminino,165486,1175.61
2010,PI,Masculino,211977,1278.51
2010,PR,Feminino,1194155,1250.21
2010,PR,Masculino,1589560,1559.13
2010,RJ,Feminino,1638358,1606.01
2010,RJ,Masculino,2441724,1992.29
2010,RN,Feminino,241494,1220.93
2010,RN,Masculino,333532,1371.45
2010,RO,Feminino,134349,1308.4
2010,RO,Masculino,199941,1603.18
2010,RR,Feminino,37441,1715.58
2010,RR,Masculino,41144,1821.47
2010,RS,Feminino,1247523,1326.94
2010,RS,Masculino,1556639,1647.89
2010,SC,Feminino,862060,1193.37
2010,SC,Masculino,1107594,1558.7
2010,SE,Feminino,152261,1415.46
2010,SE,Masculino,217318,1501.32
2010,SP,Feminino,5343083,1561.6
2010,SP,Masculino,7530522,1990.84
2010,TO,Feminino,106900,1375.72
2010,TO,Masculino,132055,1452.91
2011,AC,Feminino,55086,1740.02
2011,AC,Masculino,66235,1762.35
2011,AL,Feminino,176639,1267.58
2011,AL,Masculino,321259,1272.33
2011,AM,Feminino,251665,1561.52
2011,AM,Masculino,346245,1843.06
2011,AP,Feminino,52646,2072.8
2011,AP,Masculino,66565,2049.18
2011,BA,Feminino,951044,1354.52
2011,BA,Masculino,1314574,1510.06
2011,CE,Feminino,622126,1208.74
2011,CE,Masculino,784780,1308.51
2011,DF,Feminino,424916,3406.64
2011,DF,Masculino,731992,3424.28
2011,ES,Feminino,370232,1365.3
2011,ES,Masculino,531838,1664.5
2011,GO,Feminino,581056,1354.97
2011,GO,Masculino,804174,1549.65
2011,MA,Feminino,291059,1275.87
2011,MA,Masculino,384215,1403.8
2011,MG,Feminino,2043361,1290.54
2011,MG,Masculino,2807615,1593.18
2011,MS,Feminino,245206,1451.95
2011,MS,Masculino,352762,1663.53
2011,MT,Feminino,265623,1464.07
2011,MT,Masculino,443754,1600.82
2011,PA,Feminino,409254,1465.96
2011,PA,Masculino,627835,1543.26
2011,PB,Feminino,260831,1254.85
2011,PB,Masculino,353982,1321.81
2011,PE,Feminino,656821,1328.85
2011,PE,Masculino,992106,1442.43
2011,PI,Feminino,172656,1300.49
2011,PI,Masculino,220707,1406.23
2011,PR,Feminino,1260129,1385.31
2011,PR,Masculino,1660148,1731.37
2011,RJ,Feminino,1758122,1741.64
2011,RJ,Masculino,2590930,2178.29
2011,RN,Feminino,247226,1363.67
2011,RN,Masculino,345218,1502.11
2011,RO,Feminino,144743,1427.0
2011,RO,Masculino,207717,1795.27
2011,RR,Feminino,46317,1746.82
2011,RR,Masculino,45671,1933.69
2011,RS,Feminino,1306155,1435.1
2011,RS,Masculino,1614434,1790.01
2011,SC,Feminino,906874,1315.08
2011,SC,Masculino,1154703,1707.22
2011,SE,Feminino,159197,1526.26
2011,SE,Masculino,226640,1651.37
2011,SP,Feminino,5637045,1702.54
2011,SP,Masculino,7775734,2182.15
2011,TO,Feminino,106243,1649.8
2011,TO,Masculino,136526,1698.27
2012,AC,Feminino,56023,1921.92
2012,AC,Masculino,69206,1928.72
2012,AL,Feminino,183150,1416.15
2012,AL,Masculino,321982,1410.88
2012,AM,Feminino,260751,1702.42
2012,AM,Masculino,355626,2004.58
2012,AP,Feminino,53686,2299.55
2012,AP,Masculino,69270,2274.71
2012,BA,Feminino,956828,1506.75
2012,BA,Masculino,1299793,1655.72
2012,CE,Feminino,628983,1358.22
2012,CE,Masculino,794665,1464.79
2012,DF,Feminino,439895,3584.5
2012,DF,Masculino,741754,3672.19
2012,ES,Feminino,385593,1497.01
2012,ES,Masculino,540743,1836.03
2012,GO,Feminino,608858,1530.36
2012,GO,Masculino,841207,1778.76
2012,MA,Feminino,299682,1446.32
2012,MA,Masculino,396666,1578.66
2012,MG,Feminino,2103085,1424.35
2012,MG,Masculino,2825140,1761.61
2012,MS,Feminino,249683,1572.86
2012,MS,Masculino,367510,1825.52
2012,MT,Feminino,282204,1634.59
2012,MT,Masculino,462354,1801.47
2012,PA,Feminino,418822,1690.53
2012,PA,Masculino,633522,1738.46
2012,PB,Feminino,266612,1366.0
2012,PB,Masculino,361435,1437.65
2012,PE,Feminino,679370,1493.8
2012,PE,Masculino,1015277,1617.9
2012,PI,Feminino,182647,1434.77
2012,PI,Masculino,235733,1522.94
2012,PR,Feminino,1344226,1535.68
2012,PR,Masculino,1689439,1908.43
2012,RJ,Feminino,1828945,1911.26
2012,RJ,Masculino,2632761,2414.37
2012,RN,Feminino,251820,1513.4
2012,RN,Masculino,350406,1662.11
2012,RO,Feminino,150998,1537.98
2012,RO,Masculino,214144,1932.8
2012,RR,Feminino,47025,1883.86
2012,RR,Masculino,46752,2073.51
2012,RS,Feminino,1357127,1589.21
2012,RS,Masculino,1635904,1977.22
2012,SC,Feminino,937571,1484.29
2012,SC,Masculino,1165431,1881.48
2012,SE,Feminino,160457,1709.48
2012,SE,Masculino,228050,1830.4
2012,SP,Feminino,5913734,1854.03
2012,SP,Masculino,7869807,2367.48
2012,TO,Feminino,108757,1804.16
2012,TO,Masculino,137603,1875.06
2013,AC,Feminino,58193,2059.22
2013,AC,Masculino,71039,2025.73
2013,AL,Feminino,189958,1551.14
2013,AL,Masculino,319167,1546.83
2013,AM,Feminino,273173,1832.18
2013,AM,Masculino,371238,2157.8
2013,AP,Feminino,55257,2490.86
2013,AP,Masculino,71474,2471.57
2013,BA,Feminino,986577,1642.78
2013,BA,Masculino,1328330,1795.83
2013,CE,Feminino,655723,1456.88
2013,CE,Masculino,840200,1608.01
2013,DF,Feminino,476805,3829.86
2013,DF,Masculino,825479,3755.82
2013,ES,Feminino,404250,1641.33
2013,ES,Masculino,550541,2005.24
2013,GO,Feminino,654360,1662.35
2013,GO,Masculino,855035,1889.66
2013,MA,Feminino,316956,1575.54
2013,MA,Masculino,404534,1715.76
2013,MG,Feminino,2179370,1551.58
2013,MG,Masculino,2877710,1921.85
2013,MS,Feminino,259250,1705.08
2013,MS,Masculino,376375,2029.37
2013,MT,Feminino,304198,1748.87
2013,MT,Masculino,488670,1985.48
2013,PA,Feminino,446482,1856.01
2013,PA,Masculino,679054,1928.19
2013,PB,Feminino,280426,1476.99
2013,PB,Masculino,378816,1552.37
2013,PE,Feminino,713010,1611.32
2013,PE,Masculino,1045472,1765.81
2013,PI,Feminino,193421,1590.87
2013,PI,Masculino,250700,1660.75
2013,PR,Feminino,1385883,1706.63
2013,PR,Masculino,1735501,2102.89
2013,RJ,Feminino,1901146,2109.51
2013,RJ,Masculino,2685644,2720.73
2013,RN,Feminino,258719,1646.36
2013,RN,Masculino,358926,1800.07
2013,RO,Feminino,157303,1681.75
2013,RO,Masculino,210342,2068.03
2013,RR,Feminino,45701,2108.82
2013,RR,Masculino,46456,2261.64
2013,RS,Feminino,1404237,1751.43
2013,RS,Masculino,1678754,2175.57
2013,SC,Feminino,992588,1623.66
2013,SC,Masculino,1218339,2061.08
2013,SE,Feminino,169903,1798.7
2013,SE,Masculino,235872,1946.75
2013,SP,Feminino,6065522,2004.53
2013,SP,Masculino,7958818,2574.92
2013,TO,Feminino,116391,1889.48
2013,TO,Masculino,141145,1878.01
2014,AC,Feminino,59636,2240.22
2014,AC,Masculino,73525,2273.83
2014,AL,Feminino,198061,1694.46
2014,AL,Masculino,316330,1709.22
2014,AM,Feminino,276906,1980.0
2014,AM,Masculino,366014,2342.59
2014,AP,Feminino,59533,2741.52
2014,AP,Masculino,73300,2737.62
2014,BA,Feminino,1018269,1808.56
2014,BA,Masculino,1354314,1969.28
2014,CE,Feminino,681468,1599.5
2014,CE,Masculino,870979,1751.36
2014,DF,Feminino,491856,4044.99
2014,DF,Masculino,829972,4014.86
2014,ES,Feminino,413164,1777.99
2014,ES,Masculino,554564,2196.53
2014,GO,Feminino,654138,1796.75
2014,GO,Masculino,860394,2073.54
2014,MA,Feminino,330209,1706.25
2014,MA,Masculino,408617,1857.39
2014,MG,Feminino,2204863,1690.67
2014,MG,Masculino,2867043,2084.31
2014,MS,Feminino,272408,1879.21
2014,MS,Masculino,381170,2201.34
2014,MT,Feminino,314201,1920.11
2014,MT,Masculino,490329,2177.88
2014,PA,Feminino,454168,2013.64
2014,PA,Masculino,694053,2091.6
2014,PB,Feminino,290199,1604.36
2014,PB,Masculino,388981,1693.57
2014,PE,Feminino,738359,1755.13
2014,PE,Masculino,1030184,1898.66
2014,PI,Feminino,202610,1726.68
2014,PI,Masculino,255120,1830.53
2014,PR,Feminino,1422277,1868.44
2014,PR,Masculino,1744857,2286.24
2014,RJ,Feminino,1936595,2290.04
2014,RJ,Masculino,2704785,2950.36
2014,RN,Feminino,268530,1764.65
2014,RN,Masculino,363610,1932.86
2014,RO,Feminino,162983,1819.1
2014,RO,Masculino,211118,2212.03
2014,RR,Feminino,46828,2320.28
2014,RR,Masculino,47492,2461.99
2014,RS,Feminino,1427915,1924.81
2014,RS,Masculino,1681264,2367.49
2014,SC,Feminino,1025985,1782.13
2014,SC,Masculino,1247948,2265.36
2014,SE,Feminino,176354,1932.67
2014,SE,Masculino,240669,2082.24
2014,SP,Feminino,6186942,2191.48
2014,SP,Masculino,7924508,2792.02
2014,TO,Feminino,123403,2106.84
2014,TO,Masculino,152510,2201.49
2015,AC,Feminino,63470,2334.84
2015,AC,Masculino,72541,2444.6
2015,AL,Feminino,201388,1796.42
2015,AL,Masculino,307887,1831.57
2015,AM,Feminino,267793,2117.81
2015,AM,Masculino,343368,2535.71
2015,AP,Feminino,55815,3028.08
2015,AP,Masculino,66098,3053.27
2015,BA,Feminino,1009606,1973.69
2015,BA,Masculino,1302798,2138.46
2015,CE,Feminino,682061,1752.61
2015,CE,Masculino,860698,1920.27
2015,DF,Feminino,491294,4423.09
2015,DF,Masculino,772578,4624.34
2015,ES,Feminino,400251,1928.96
2015,ES,Masculino,524491,2380.82
2015,GO,Feminino,657212,1978.77
2015,GO,Masculino,844185,2265.83
2015,MA,Feminino,326142,1868.05
2015,MA,Masculino,396724,2032.95
2015,MG,Feminino,2097599,1841.26
2015,MG,Masculino,2723517,2279.16
2015,MS,Feminino,270057,2081.14
2015,MS,Masculino,375563,2398.24
2015,MT,Feminino,315417,2112.18
2015,MT,Masculino,485405,2403.49
2015,PA,Feminino,454637,2229.26
2015,PA,Masculino,670992,2289.89
2015,PB,Feminino,289129,1745.19
2015,PB,Masculino,377901,1841.14
2015,PE,Feminino,710648,1929.07
2015,PE,Masculino,959687,2037.81
2015,PI,Feminino,208719,1878.07
2015,PI,Masculino,252057,2012.71
2015,PR,Feminino,1401047,2065.15
2015,PR,Masculino,1712157,2501.4
2015,RJ,Feminino,1887624,2501.71
2015,RJ,Masculino,2561235,3162.06
2015,RN,Feminino,259387,1876.93
2015,RN,Masculino,349479,2104.59
2015,RO,Feminino,161169,1969.39
2015,RO,Masculino,197492,2353.91
2015,RR,Feminino,47947,2524.27
2015,RR,Masculino,48617,2721.5
2015,RS,Feminino,1392064,2129.51
2015,RS,Masculino,1613485,2557.0
2015,SC,Feminino,1003552,1960.33
2015,SC,Masculino,1210740,2477.73
2015,SE,Feminino,171529,2005.8
2015,SE,Masculino,233439,2210.02
2015,SP,Feminino,6049736,2402.86
2015,SP,Masculino,7647735,3006.52
2015,TO,Feminino,123819,2311.78
2015,TO,Masculino,150826,2422.13
2016,AC,Feminino,59825,2448.71
2016,AC,Masculino,68312,2624.21
2016,AL,Feminino,196547,1939.21
2016,AL,Masculino,293725,1979.7
2016,AM,Feminino,252620,2288.77
2016,AM,Masculino,319415,2727.72
2016,AP,Feminino,59031,2642.66
2016,AP,Masculino,66560,2820.03
2016,BA,Feminino,953171,2184.46
2016,BA,Masculino,1218174,2313.02
2016,CE,Feminino,644805,1923.7
2016,CE,Masculino,798560,2082.52
2016,DF,Feminino,474806,4680.46
2016,DF,Masculino,775944,4754.99
2016,ES,Feminino,378828,2060.08
2016,ES,Masculino,490045,2532.27
2016,GO,Feminino,636241,2172.9
2016,GO,Masculino,809702,2444.12
2016,MA,Feminino,320999,2070.09
2016,MA,Masculino,379201,2219.58
2016,MG,Feminino,2026640,2004.73
2016,MG,Masculino,2602061,2439.99
2016,MS,Feminino,258268,2273.34
2016,MS,Masculino,375286,2580.13
2016,MT,Feminino,305844,2348.47
2016,MT,Masculino,465783,2627.51
2016,PA,Feminino,431674,2427.15
2016,PA,Masculino,621597,2457.36
2016,PB,Feminino,276080,1922.21
2016,PB,Masculino,358552,2013.0
2016,PE,Feminino,676614,2086.12
2016,PE,Masculino,909040,2182.99
2016,PI,Feminino,204334,2066.05
2016,PI,Masculino,237359,2256.01
2016,PR,Feminino,1364106,2271.09
2016,PR,Masculino,1648999,2708.58
2016,RJ,Feminino,1787091,2690.38
2016,RJ,Masculino,2372390,3325.3
2016,RN,Feminino,253911,2096.02
2016,RN,Masculino,332058,2317.51
2016,RO,Feminino,154888,2103.04
2016,RO,Masculino,186309,2526.09
2016,RR,Feminino,46662,2741.05
2016,RR,Masculino,47912,2944.25
2016,RS,Feminino,1352848,2313.71
2016,RS,Masculino,1558035,2759.67
2016,SC,Feminino,987986,2150.59
2016,SC,Masculino,1179937,2683.2
2016,SE,Feminino,165526,2210.28
2016,SE,Masculino,217547,2396.83
2016,SP,Feminino,5874121,2586.3
2016,SP,Masculino,7319999,3211.66
2016,TO,Feminino,119147,2454.6
2016,TO,Masculino,145083,2595.66
2017,AC,Feminino,61227,2604.66
2017,AC,Masculino,70064,2777.16
2017,AL,Feminino,197307,2080.59
2017,AL,Masculino,289456,2120.75
2017,AM,Feminino,256277,2412.29
2017,AM,Masculino,328041,2818.09
2017,AP,Feminino,60184,2448.3
2017,AP,Masculino,67366,2719.73
2017,BA,Feminino,978549,2300.64
2017,BA,Masculino,1245226,2423.28
2017,CE,Feminino,657165,2049.96
2017,CE,Masculino,807783,2218.44
2017,DF,Feminino,474615,4939.82
2017,DF,Masculino,772114,5014.09
2017,ES,Feminino,381703,2166.77
2017,ES,Masculino,492454,2640.43
2017,GO,Feminino,675351,2328.76
2017,GO,Masculino,840071,2572.28
2017,MA,Feminino,329646,2192.87
2017,MA,Masculino,383405,2357.0
2017,MG,Feminino,2066397,2132.9
2017,MG,Masculino,2644522,2559.31
2017,MS,Feminino,264677,2418.76
2017,MS,Masculino,374710,2718.66
2017,MT,Feminino,313995,2543.49
2017,MT,Masculino,486390,2796.89
2017,PA,Feminino,440439,2487.63
2017,PA,Masculino,628379,2522.5
2017,PB,Feminino,278269,2060.01
2017,PB,Masculino,360001,2142.12
2017,PE,Feminino,671231,2224.24
2017,PE,Masculino,913549,2322.73
2017,PI,Feminino,210170,2189.38
2017,PI,Masculino,243059,2373.62
2017,PR,Feminino,1369282,2423.28
2017,PR,Masculino,1658910,2857.07
2017,RJ,Feminino,1740263,2846.47
2017,RJ,Masculino,2304473,3461.02
2017,RN,Feminino,255332,2210.2
2017,RN,Masculino,333041,2432.67
2017,RO,Feminino,157637,2220.8
2017,RO,Masculino,190158,2651.62
2017,RR,Feminino,50143,2955.44
2017,RR,Masculino,50234,3195.55
2017,RS,Feminino,1348301,2472.26
2017,RS,Masculino,1554072,2943.78
2017,SC,Feminino,1001944,2293.51
2017,SC,Masculino,1203794,2830.97
2017,SE,Feminino,170575,2355.07
2017,SE,Masculino,219887,2542.26
2017,SP,Feminino,5831561,2739.25
2017,SP,Masculino,7296717,3380.14
2017,TO,Feminino,127115,2554.54
2017,TO,Masculino,154359,2744.57
2018,AC,Feminino,57969,2769.78
2018,AC,Masculino,68335,2976.99
2018,AL,Feminino,202528,2163.66
2018,AL,Masculino,291330,2231.77
2018,AM,Feminino,259174,2520.34
2018,AM,Masculino,337518,2924.96
2018,AP,Feminino,62439,3691.17
2018,AP,Masculino,69804,3658.41
2018,BA,Feminino,990398,2382.78
2018,BA,Masculino,1271160,2473.64
2018,CE,Feminino,657349,2137.61
2018,CE,Masculino,814355,2302.98
2018,DF,Feminino,477954,4909.83
2018,DF,Masculino,715144,5402.9
2018,ES,Feminino,383970,2236.28
2018,ES,Masculino,501372,2701.15
2018,GO,Feminino,660313,2419.31
2018,GO,Masculino,847335,2672.71
2018,MA,Feminino,348541,2276.03
2018,MA,Masculino,398602,2458.92
2018,MG,Feminino,2080591,2200.46
2018,MG,Masculino,2680239,2604.1
2018,MS,Feminino,271543,2523.36
2018,MS,Masculino,373627,2822.8
2018,MT,Feminino,328109,2625.77
2018,MT,Masculino,505899,2871.96
2018,PA,Feminino,443532,2635.86
2018,PA,Masculino,642014,2633.37
2018,PB,Feminino,278464,2125.43
2018,PB,Masculino,360940,2200.4
2018,PE,Feminino,678998,2321.41
2018,PE,Masculino,915553,2413.52
2018,PI,Feminino,211801,2269.54
2018,PI,Masculino,243467,2447.69
2018,PR,Feminino,1392417,2479.99
2018,PR,Masculino,1677990,2912.34
2018,RJ,Feminino,1727035,2939.21
2018,RJ,Masculino,2290446,3541.72
2018,RN,Feminino,256324,2292.39
2018,RN,Masculino,338076,2523.87
2018,RO,Feminino,156416,2266.87
2018,RO,Masculino,188719,2670.38
2018,RR,Feminino,48923,3088.35
2018,RR,Masculino,49160,3299.73
2018,RS,Feminino,1347554,2566.83
2018,RS,Masculino,1552873,3047.88
2018,SC,Feminino,1019551,2378.87
2018,SC,Masculino,1235367,2891.34
2018,SE,Feminino,169959,2452.28
2018,SE,Masculino,219392,2653.68
2018,SP,Feminino,5905554,2822.87
2018,SP,Masculino,7341909,3453.2
2018,TO,Feminino,128948,2635.91
2018,TO,Masculino,154135,2838.68
2019,AC,Feminino,57617,2559.29
2019,AC,Masculino,67655,2829.74
2019,AL,Feminino,202302,2220.65
2019,AL,Masculino,284414,2252.61
2019,AM,Feminino,251497,2716.17
2019,AM,Masculino,339898,3056.0
2019,AP,Feminino,60197,3901.78
2019,AP,Masculino,67509,3834.57
2019,BA,Feminino,946460,2411.27
2019,BA,Masculino,1255939,2494.71
2019,CE,Feminino,657221,2221.69
2019,CE,Masculino,821342,2369.39
2019,DF,Feminino,482183,4772.5
2019,DF,Masculino,585432,5531.96
2019,ES,Feminino,390634,2281.79
2019,ES,Masculino,507757,2727.33
2019,GO,Feminino,657604,2475.4
2019,GO,Masculino,848421,2694.59
2019,MA,Feminino,355290,2337.75
2019,MA,Masculino,393238,2465.01
2019,MG,Feminino,2116956,2256.13
2019,MG,Masculino,2739069,2625.17
2019,MS,Feminino,278734,2609.32
2019,MS,Masculino,376972,2882.7
2019,MT,Feminino,336878,2707.5
2019,MT,Masculino,519157,2932.03
2019,PA,Feminino,440883,2687.31
2019,PA,Masculino,641086,2651.79
2019,PB,Feminino,280774,2186.08
2019,PB,Masculino,363026,2236.15
2019,PE,Feminino,668990,2373.05
2019,PE,Masculino,908462,2395.4
2019,PI,Feminino,213893,2339.12
2019,PI,Masculino,246734,2461.86
2019,PR,Feminino,1416891,2529.41
2019,PR,Masculino,1699449,2951.88
2019,RJ,Feminino,1689322,3033.55
2019,RJ,Masculino,2271043,3614.21
2019,RN,Feminino,257527,2352.55
2019,RN,Masculino,339925,2557.1
2019,RO,Feminino,156937,2319.57
2019,RO,Masculino,190474,2661.62
2019,RR,Feminino,51003,3067.5
2019,RR,Masculino,50494,3237.5
2019,RS,Feminino,1345651,2621.72
2019,RS,Masculino,1547589,3086.57
2019,SC,Feminino,1047292,2450.03
2019,SC,Masculino,1271918,2959.12
2019,SE,Feminino,155090,2388.2
2019,SE,Masculino,197780,2389.0
2019,SP,Feminino,5977060,2894.9
2019,SP,Masculino,7412787,3500.82
2019,TO,Feminino,123106,2753.39
2019,TO,Masculino,150930,2911.46
2020,AC,Feminino,61985,2845.5
2020,AC,Masculino,70866,3092.23
2020,AL,Feminino,193642,2276.76
2020,AL,Masculino,287901,2265.18
2020,AM,Feminino,251207,2716.55
2020,AM,Masculino,340981,3013.09
2020,AP,Feminino,58754,3876.38
2020,AP,Masculino,65865,3820.55
2020,BA,Feminino,937911,2490.57
2020,BA,Masculino,1238277,2494.64
2020,CE,Feminino,631381,2293.14
2020,CE,Masculino,810116,2380.58
2020,DF,Feminino,484072,4719.81
2020,DF,Masculino,754336,5400.44
2020,ES,Feminino,383205,2311.91
2020,ES,Masculino,508573,2724.88
2020,GO,Feminino,638708,2526.41
2020,GO,Masculino,845552,2730.8
2020,MA,Feminino,346084,2423.73
2020,MA,Masculino,397949,2529.06
2020,MG,Feminino,2082153,2309.34
2020,MG,Masculino,2732721,2678.61
2020,MS,Feminino,277158,2586.82
2020,MS,Masculino,377255,2854.13
2020,MT,Feminino,337158,2711.24
2020,MT,Masculino,519659,2953.82
2020,PA,Feminino,430322,2748.09
2020,PA,Masculino,650715,2708.17
2020,PB,Feminino,269541,2262.06
2020,PB,Masculino,359595,2265.68
2020,PE,Feminino,637781,2455.61
2020,PE,Masculino,887498,2448.73
2020,PI,Feminino,199107,2430.8
2020,PI,Masculino,237268,2463.81
2020,PR,Feminino,1379770,2527.64
2020,PR,Masculino,1706359,2923.33
2020,RJ,Feminino,1600597,3040.76
2020,RJ,Masculino,2166440,3576.96
2020,RN,Feminino,240546,2432.71
2020,RN,Masculino,327678,2569.71
2020,RO,Feminino,154890,2471.38
2020,RO,Masculino,187876,2813.86
2020,RR,Feminino,50323,3137.9
2020,RR,Masculino,51447,3254.44
2020,RS,Feminino,1303632,2657.04
2020,RS,Masculino,1517336,3097.01
2020,SC,Feminino,1069422,2420.6
2020,SC,Masculino,1291260,2879.56
2020,SE,Feminino,158148,2581.78
2020,SE,Masculino,207906,2628.28
2020,SP,Feminino,5859480,2918.1
2020,SP,Masculino,7390875,3479.75
2020,TO,Feminino,118110,2879.9
2020,TO,Masculino,148785,2998.07
2021,AC,Feminino,67477,3109.64
2021,AC,Masculino,75013,3223.31
2021,AL,Feminino,214391,2355.67
2021,AL,Masculino,308599,2388.95
2021,AM,Feminino,280628,2762.77
2021,AM,Masculino,373155,3084.67
2021,AP,Feminino,58693,3722.26
2021,AP,Masculino,67017,3693.68
2021,BA,Feminino,1021372,2545.37
2021,BA,Masculino,1331826,2557.6
2021,CE,Feminino,673517,2407.52
2021,CE,Masculino,855421,2506.1
2021,DF,Feminino,491936,5171.89
2021,DF,Masculino,592591,5699.75
2021,ES,Feminino,408263,2370.99
2021,ES,Masculino,533723,2829.96
2021,GO,Feminino,691201,2600.68
2021,GO,Masculino,893966,2844.56
2021,MA,Feminino,381356,2486.83
2021,MA,Masculino,437633,2626.21
2021,MG,Feminino,2256641,2421.67
2021,MG,Masculino,2891794,2848.12
2021,MS,Feminino,301334,2748.73
2021,MS,Masculino,398634,3063.6
2021,MT,Feminino,367975,2832.96
2021,MT,Masculino,551444,3171.16
2021,PA,Feminino,467881,2827.33
2021,PA,Masculino,699290,2818.5
2021,PB,Feminino,299432,2360.85
2021,PB,Masculino,376959,2392.45
2021,PE,Feminino,708135,2559.63
2021,PE,Masculino,954865,2576.47
2021,PI,Feminino,209036,2516.6
2021,PI,Masculino,250693,2534.66
2021,PR,Feminino,1473668,2649.71
2021,PR,Masculino,1783865,3111.65
2021,RJ,Feminino,1688043,3186.91
2021,RJ,Masculino,2250828,3780.99
2021,RN,Feminino,263744,2520.47
2021,RN,Masculino,351901,2663.95
2021,RO,Feminino,139686,2433.28
2021,RO,Masculino,172628,2706.61
2021,RR,Feminino,55121,3244.1
2021,RR,Masculino,56087,3308.26
2021,RS,Feminino,1386034,2767.35
2021,RS,Masculino,1574651,3289.31
2021,SC,Feminino,1143547,2578.97
2021,SC,Masculino,1360684,3120.76
2021,SE,Feminino,169035,2682.59
2021,SE,Masculino,223035,2677.03
2021,SP,Feminino,6191243,3148.02
2021,SP,Masculino,7657133,3764.64
2021,TO,Feminino,132418,2887.4
2021,TO,Masculino,163615,3029.73
2022,AC,Feminino,73114,3205.36
2022,AC,Masculino,82447,3448.8
2022,AL,Feminino,237857,2742.21
2022,AL,Masculino,340980,2926.18
2022,AM,Feminino,306621,3225.47
2022,AM,Masculino,406621,3683.88
2022,AM,Não informado,1,0.0
2022,AP,Feminino,63782,4325.14
2022,AP,Masculino,76065,4393.56
2022,BA,Feminino,1095892,3037.28
2022,BA,Masculino,1461138,3226.07
2022,BA,Não informado,10,0.0
2022,CE,Feminino,728054,2863.86
2022,CE,Masculino,923681,3041.71
2022,CE,Não informado,2,0.0
2022,DF,Feminino,544915,6026.97
2022,DF,Masculino,705137,7182.41
2022,DF,Não informado,1,0.0
2022,ES,Feminino,448491,2796.38
2022,ES,Masculino,575769,4106.76
2022,GO,Feminino,777242,2992.6
2022,GO,Masculino,1001086,3396.61
2022,MA,Feminino,422739,2863.97
2022,MA,Masculino,491257,3279.57
2022,MG,Feminino,2444295,2930.29
2022,MG,Masculino,3078964,3581.71
2022,MG,Não informado,20,0.0
2022,MS,Feminino,334192,3126.7
2022,MS,Masculino,444301,3680.09
2022,MS,Não informado,1,0.0
2022,MT,Feminino,413989,3279.51
2022,MT,Masculino,629236,3939.03
2022,PA,Feminino,513246,3479.12
2022,PA,Masculino,764811,3687.47
2022,PA,Não informado,1,0.0
2022,PB,Feminino,316490,2769.74
2022,PB,Masculino,411649,2956.95
2022,PE,Feminino,750990,3067.63
2022,PE,Masculino,1033068,3176.99
2022,PI,Feminino,219277,2977.99
2022,PI,Masculino,267846,3129.25
2022,PR,Feminino,1571173,3186.53
2022,PR,Masculino,1890168,4082.43
2022,RJ,Feminino,1866560,3776.56
2022,RJ,Masculino,2463437,4682.06
2022,RJ,Não informado,2,0.0
2022,RN,Feminino,279639,2914.52
2022,RN,Masculino,379304,3243.63
2022,RO,Feminino,180510,2988.5
2022,RO,Masculino,212600,3464.9
2022,RR,Feminino,48618,3157.09
2022,RR,Masculino,54555,3455.57
2022,RS,Feminino,1475267,3433.62
2022,RS,Masculino,1671711,4410.26
2022,RS,Não informado,3,0.0
2022,SC,Feminino,1219920,3226.5
2022,SC,Masculino,1445818,4327.42
2022,SC,Não informado,5,0.0
2022,SE,Feminino,178439,3238.11
2022,SE,Masculino,238696,3368.74
2022,SP,Feminino,6682730,4000.87
2022,SP,Masculino,8209051,4846.08
2022,SP,Não informado,10,0.0
2022,TO,Feminino,151358,3167.97
2022,TO,Masculino,184087,3455.98
2023,AC,Feminino,82975,3098.57
2023,AC,Masculino,91436,3259.68
2023,AL,Feminino,261358,2588.96
2023,AL,Masculino,366984,2569.78
2023,AM,Feminino,341515,3000.48
2023,AM,Masculino,440595,3293.47
2023,AP,Feminino,72129,2208.37
2023,AP,Masculino,83864,2345.66
2023,BA,Feminino,1189660,2940.28
2023,BA,Masculino,1536458,2880.85
2023,CE,Feminino,795835,2550.77
2023,CE,Masculino,960649,2562.41
2023,DF,Feminino,624517,5508.47
2023,DF,Masculino,918382,5638.34
2023,ES,Feminino,478419,2788.76
2023,ES,Masculino,604274,3258.34
2023,GO,Feminino,830566,2970.87
2023,GO,Masculino,1046748,3209.14
2023,MA,Feminino,437876,2811.41
2023,MA,Masculino,517554,2916.98
2023,MG,Feminino,2619376,2755.95
2023,MG,Masculino,3190494,3108.16
2023,MS,Feminino,353114,3172.28
2023,MS,Masculino,471300,3479.09
2023,MT,Feminino,478050,3038.76
2023,MT,Masculino,662952,3432.22
2023,PA,Feminino,583902,3184.91
2023,PA,Masculino,822957,3009.83
2023,PB,Feminino,343478,2781.45
2023,PB,Masculino,450256,2723.53
2023,PE,Feminino,811213,2889.76
2023,PE,Masculino,1093862,2834.5
2023,PI,Feminino,260549,2867.1
2023,PI,Masculino,305250,2809.69
2023,PR,Feminino,1654836,3111.48
2023,PR,Masculino,1952682,3534.94
2023,RJ,Feminino,1964934,3344.97
2023,RJ,Masculino,2626687,4164.28
2023,RN,Feminino,295774,2924.22
2023,RN,Masculino,396784,2936.6
2023,RO,Feminino,181103,2527.38
2023,RO,Masculino,212989,2816.9
2023,RR,Feminino,72555,2306.7
2023,RR,Masculino,71945,2601.12
2023,RS,Feminino,1531258,3204.31
2023,RS,Masculino,1696312,3730.95
2023,SC,Feminino,1263258,3135.17
2023,SC,Masculino,1486558,3679.49
2023,SE,Feminino,202129,2998.01
2023,SE,Masculino,257197,2923.88
2023,SP,Feminino,7004014,3630.42
2023,SP,Masculino,8439173,4260.53
2023,TO,Feminino,175509,3286.94
2023,TO,Masculino,202934,3454.78
2024,AC,Feminino,86952,3346.67
2024,AC,Masculino,93141,3468.75
2024,AL,Feminino,264733,2721.25
2024,AL,Masculino,371526,2796.52
2024,AM,Feminino,348597,3102.12
2024,AM,Masculino,452752,3436.08
2024,AP,Feminino,74234,2482.86
2024,AP,Masculino,80692,2871.57
2024,BA,Feminino,1226326,3029.1
2024,BA,Masculino,1547831,2998.3
2024,CE,Feminino,840941,2615.21
2024,CE,Masculino,1030152,2644.65
2024,DF,Feminino,681971,5613.46
2024,DF,Masculino,1025334,5673.41
2024,ES,Feminino,485141,2962.74
2024,ES,Masculino,615878,3480.13
2024,GO,Feminino,874244,3098.89
2024,GO,Masculino,1076068,3359.55
2024,MA,Feminino,449967,2864.67
2024,MA,Masculino,527718,3050.85
2024,MG,Feminino,2823893,2912.14
2024,MG,Masculino,3270692,3392.66
2024,MS,Feminino,357942,3361.96
2024,MS,Masculino,473218,3664.08
2024,MT,Feminino,525069,3240.01
2024,MT,Masculino,684801,3721.4
2024,PA,Feminino,606613,3330.12
2024,PA,Masculino,839050,3213.46
2024,PB,Feminino,348018,2922.9
2024,PB,Masculino,462989,2840.45
2024,PE,Feminino,817958,3095.77
2024,PE,Masculino,1101543,3028.56
2024,PI,Feminino,262642,3019.09
2024,PI,Masculino,306188,2965.64
2024,PR,Feminino,1709459,3291.18
2024,PR,Masculino,2007676,3715.96
2024,RJ,Feminino,2038548,3590.98
2024,RJ,Masculino,2705668,4383.8
2024,RN,Feminino,302640,3099.06
2024,RN,Masculino,406710,3116.15
2024,RO,Feminino,194435,3217.92
2024,RO,Masculino,219520,3511.4
2024,RR,Feminino,73604,3804.15
2024,RR,Masculino,74445,3864.46
2024,RS,Feminino,1569302,3372.47
2024,RS,Masculino,1718223,3927.91
2024,SC,Feminino,1326189,3305.42
2024,SC,Masculino,1537587,3877.1
2024,SE,Feminino,207141,3189.95
2024,SE,Masculino,260666,3097.13
2024,SP,Feminino,7341340,3744.86
2024,SP,Masculino,8653247,4462.65
2024,TO,Feminino,195515,2981.64
2024,TO,Masculino,212797,3370.03
2025,AC,Feminino,95789,3394.16
2025,AC,Masculino,99521,3620.41
2025,AL,Feminino,312183,2842.5
2025,AL,Masculino,406330,2970.34
2025,AM,Feminino,397737,3163.77
2025,AM,Masculino,498838,3527.49
2025,AP,Feminino,89395,3708.5
2025,AP,Masculino,97054,3921.2
2025,BA,Feminino,1381555,3130.4
2025,BA,Masculino,1661029,3162.43
2025,CE,Feminino,946386,2920.85
2025,CE,Masculino,1122380,3031.67
2025,DF,Feminino,746968,5472.63
2025,DF,Masculino,1128265,4351.95
2025,ES,Feminino,512626,3177.16
2025,ES,Masculino,626398,3740.35
2025,GO,Feminino,919495,3274.36
2025,GO,Masculino,1100237,3559.63
2025,MA,Feminino,504777,3076.19
2025,MA,Masculino,569075,3239.26
2025,MG,Feminino,2990909,2967.53
2025,MG,Masculino,3334382,3571.81
2025,MS,Feminino,374628,3578.77
2025,MS,Masculino,486708,3922.04
2025,MT,Feminino,563777,3332.17
2025,MT,Masculino,708094,3940.76
2025,PA,Feminino,690380,3362.72
2025,PA,Masculino,900694,3343.7
2025,PB,Feminino,403346,3054.96
2025,PB,Masculino,511609,3021.9
2025,PE,Feminino,907481,3169.94
2025,PE,Masculino,1190506,3161.16
2025,PI,Feminino,303886,3094.57
2025,PI,Masculino,339668,3079.91
2025,PR,Feminino,1796697,3484.95
2025,PR,Masculino,2050031,3943.8
2025,RJ,Feminino,2130780,3719.65
2025,RJ,Masculino,2804224,4380.29
2025,RN,Feminino,325928,3202.55
2025,RN,Masculino,425969,3282.18
2025,RO,Feminino,209951,3305.63
2025,RO,Masculino,229705,3741.96
2025,RR,Feminino,79128,4008.78
2025,RR,Masculino,80809,4258.73
2025,RS,Feminino,1621609,3581.04
2025,RS,Masculino,1744865,4147.79
2025,SC,Feminino,1376471,3512.0
2025,SC,Masculino,1572679,4106.22
2025,SE,Feminino,228847,3276.1
2025,SE,Masculino,281811,3244.59
2025,SP,Feminino,7581778,3980.52
2025,SP,Masculino,8783296,4754.03
2025,TO,Feminino,215024,3011.05
2025,TO,Masculino,226996,3505.23
